{
  "Full model": {
    "top1_acc": 0.9989284438623646,
    "top5_acc": 0.9991665674485057,
    "top10_acc": 0.9995237528277175,
    "cross_entropy": 0.01364631311625778
  },
  "No sequence edges": {
    "top1_acc": 0.25360161924038577,
    "top5_acc": 0.6425764972020479,
    "top10_acc": 0.7812834861293011,
    "cross_entropy": 2.8346859777182365
  },
  "No instance_of edges": {
    "top1_acc": 0.0752470532206215,
    "top5_acc": 0.33801643052744373,
    "top10_acc": 0.5114894630313133,
    "cross_entropy": 3.732718744651521
  },
  "No section edges": {
    "top1_acc": 0.9988093820692939,
    "top5_acc": 0.999404691034647,
    "top10_acc": 0.9995237528277175,
    "cross_entropy": 0.012130184036760845
  },
  "No sec\u2192sec edges": {
    "top1_acc": 0.9974997023455173,
    "top5_acc": 0.9989284438623646,
    "top10_acc": 0.9995237528277175,
    "cross_entropy": 0.019264735073003757
  },
  "No section features": {
    "top1_acc": 0.9990475056554352,
    "top5_acc": 0.9992856292415764,
    "top10_acc": 0.9995237528277175,
    "cross_entropy": 0.014211077209824195
  }
}