{
  "Markov": {
    "top1_acc": 0.23502797952137158,
    "top5_acc": 0.6056673413501608,
    "top10_acc": 0.7559233242052625,
    "cross_entropy": 4.57681071708051
  },
  "LSTM": {
    "top1_acc": 0.4516013811167996,
    "top5_acc": 0.8312894392189546,
    "top10_acc": 0.9059411834742231,
    "cross_entropy": 1.9751281956289903
  }
}