{
  "test": {
    "top1_acc": 0.6074532682462198,
    "top5_acc": 0.8901059649958328,
    "top10_acc": 0.950113108703417,
    "cross_entropy": 1.4429959545732751
  },
  "by_section": {
    "intro": {
      "top1_acc": 0.7304832713754646,
      "count": 538
    },
    "verse": {
      "top1_acc": 0.5915215248110417,
      "count": 3043
    },
    "chorus": {
      "top1_acc": 0.5872586872586872,
      "count": 2590
    },
    "bridge": {
      "top1_acc": 0.5170648464163823,
      "count": 586
    },
    "prechorus": {
      "top1_acc": 0.6008403361344538,
      "count": 238
    },
    "outro": {
      "top1_acc": 0.6822157434402333,
      "count": 343
    },
    "instrumental": {
      "top1_acc": 0.74,
      "count": 150
    },
    "interlude": {
      "top1_acc": 0.684931506849315,
      "count": 219
    },
    "solo": {
      "top1_acc": 0.6590389016018307,
      "count": 437
    },
    "trans": {
      "top1_acc": 0.7210884353741497,
      "count": 147
    },
    "other": {
      "top1_acc": 0.49074074074074076,
      "count": 108
    }
  }
}