{
  "test": {
    "top1_acc": 0.6074532682462198,
    "top5_acc": 0.8923681390641743,
    "top10_acc": 0.9470175020835814,
    "cross_entropy": 1.464399357525589
  },
  "by_section": {
    "intro": {
      "top1_acc": 0.7230483271375465,
      "count": 538
    },
    "verse": {
      "top1_acc": 0.6030233322379231,
      "count": 3043
    },
    "chorus": {
      "top1_acc": 0.5899613899613899,
      "count": 2590
    },
    "bridge": {
      "top1_acc": 0.5119453924914675,
      "count": 586
    },
    "prechorus": {
      "top1_acc": 0.5546218487394958,
      "count": 238
    },
    "outro": {
      "top1_acc": 0.6676384839650146,
      "count": 343
    },
    "instrumental": {
      "top1_acc": 0.7333333333333333,
      "count": 150
    },
    "interlude": {
      "top1_acc": 0.6484018264840182,
      "count": 219
    },
    "solo": {
      "top1_acc": 0.6590389016018307,
      "count": 437
    },
    "trans": {
      "top1_acc": 0.6938775510204082,
      "count": 147
    },
    "other": {
      "top1_acc": 0.4351851851851852,
      "count": 108
    }
  }
}