{
  "train": [
    2.8264048099517822,
    2.540841579437256,
    2.4638154327869417,
    2.4510903298854827,
    2.4202315509319305,
    2.419517368078232,
    2.4018586575984955,
    2.3886969864368437,
    2.3881217896938325,
    2.380861061811447,
    2.371985155344009,
    2.364515519142151,
    2.3535253524780275,
    2.3601384460926056,
    2.3580293715000153,
    2.354473626613617,
    2.341233044862747,
    2.3431000292301176,
    2.3502064049243927,
    2.3363470077514648,
    2.3288466155529024,
    2.3318890631198883,
    2.3372530579566955,
    2.329108387231827,
    2.330354022979736,
    2.3316866219043733,
    2.324840897321701,
    2.3156847059726715,
    2.31456601023674,
    2.3234408140182494,
    2.3146346271038056,
    2.3110111534595488,
    2.316265422105789,
    2.3120653212070463,
    2.30792498588562,
    2.3209015846252443,
    2.306365740299225,
    2.3140376448631286,
    2.31470782160759,
    2.3156235992908476,
    2.3165954649448395,
    2.308299368619919,
    2.302051430940628,
    2.299765419960022,
    2.308046984672546,
    2.31150643825531,
    2.305069702863693,
    2.3027093768119813,
    2.300485622882843,
    2.2975140511989594,
    2.2947154700756074,
    2.2947651922702788,
    2.2920587420463563,
    2.302558708190918,
    2.298683542013168,
    2.2951533436775207,
    2.295593923330307,
    2.286052918434143,
    2.2883327484130858,
    2.2867533564567566,
    2.2909783005714415,
    2.2926042675971985,
    2.2819120943546296,
    2.292922705411911,
    2.28616144657135,
    2.2807962357997895,
    2.286631017923355,
    2.28706014752388,
    2.2940283596515654,
    2.2884860217571257,
    2.283485698699951,
    2.2883174300193785,
    2.294709348678589,
    2.2894865691661836,
    2.2966894030570986,
    2.284681576490402,
    2.2917292177677155,
    2.289188301563263,
    2.2882400035858153,
    2.288463866710663,
    2.2855659127235413,
    2.286963349580765,
    2.291924089193344,
    2.2866290748119353,
    2.282944601774216,
    2.285538685321808,
    2.2832412302494047,
    2.276732063293457,
    2.2842393934726717,
    2.281434327363968,
    2.2828835427761076,
    2.2819458127021788,
    2.2783044815063476,
    2.2844926536083223,
    2.279765027761459,
    2.2842922508716583,
    2.2910277605056764,
    2.2824460744857786,
    2.284225618839264,
    2.2862067043781282
  ],
  "val": [
    2.2086385011672975,
    2.133286702632904,
    2.1043731927871705,
    2.122557055950165,
    2.1211952328681947,
    2.1078368782997132,
    2.0913441300392153,
    2.0971986413002015,
    2.069593274593353,
    2.0730833888053892,
    2.0619531869888306,
    2.0665960550308227,
    2.0797943472862244,
    2.0630909204483032,
    2.0677867889404298,
    2.051704967021942,
    2.0660844922065733,
    2.070144736766815,
    2.0589114665985107,
    2.0584790825843813,
    2.03393075466156,
    2.056336510181427,
    2.046593391895294,
    2.036879861354828,
    2.034276342391968,
    2.026655983924866,
    2.030141997337341,
    2.0394882917404176,
    2.0261643171310424,
    2.0277205228805544,
    2.039016604423523,
    2.0378881216049196,
    2.027907872200012,
    2.0239741444587707,
    2.024186933040619,
    2.0193368792533875,
    2.0307867765426635,
    2.02367160320282,
    2.013451027870178,
    2.0223363399505616,
    2.0292792201042174,
    2.027427303791046,
    2.021691691875458,
    2.0128817796707152,
    2.0111523866653442,
    2.0145136952400207,
    2.018746495246887,
    2.008840537071228,
    2.0220633268356325,
    2.013804578781128,
    2.0112948417663574,
    2.0094003438949586,
    2.0090577363967896,
    2.0145087480545043,
    2.014325702190399,
    2.0142497301101683,
    2.0118010520935057,
    2.007258939743042,
    2.0117995500564576,
    2.004775369167328,
    2.0089369416236877,
    2.0098459362983703,
    2.0097703099250794,
    2.0090674638748167,
    2.0108458280563353,
    2.006303918361664,
    2.0047856688499452,
    2.0107125282287597,
    2.005943500995636,
    2.006033706665039,
    2.009623384475708,
    2.006416356563568,
    2.0069077134132387,
    2.008357489109039,
    2.008675456047058,
    2.0052570939064025,
    2.006906521320343,
    2.006837821006775,
    2.0088268518447876,
    2.0069060564041137,
    2.007714831829071,
    2.005656063556671,
    2.006400454044342,
    2.008792686462402,
    2.0059418797492983,
    2.0055428385734557,
    2.0070013284683226,
    2.006278729438782,
    2.00668785572052,
    2.006449544429779,
    2.0041547775268556,
    2.0056630253791807,
    2.006969380378723,
    2.0063894987106323,
    2.0054444074630737,
    2.0087807297706606,
    2.0066043853759767,
    2.007120907306671,
    2.004515528678894,
    2.0078075647354128
  ]
}