{
  "train": [
    2.369053930044174,
    2.082596457004547,
    2.015984946489334,
    2.00946301817894,
    1.9754939913749694,
    1.9630059063434602,
    1.9606218099594117,
    1.9344524145126343,
    1.9481005907058715,
    1.9663254916667938,
    1.888162761926651,
    1.9173377633094788,
    1.9159467339515686,
    1.8908902943134307,
    1.917383062839508,
    1.906322681903839,
    1.8952767610549928,
    1.9112673580646515,
    1.8946586012840272,
    1.8927705347537995,
    1.8517617762088776,
    1.874797797203064,
    1.8556186318397523,
    1.8855570375919342,
    1.869798582792282,
    1.8535093665122986,
    1.8559812545776366,
    1.8714998722076417,
    1.86169131398201,
    1.843187427520752,
    1.8527500212192536,
    1.8380818843841553,
    1.8370770275592805,
    1.8411174297332764,
    1.8292178869247437,
    1.8064483106136322,
    1.8017270267009735,
    1.8195927798748017,
    1.811626559495926,
    1.8110934853553773,
    1.8083237290382386,
    1.8192026734352111,
    1.803102731704712,
    1.8061602592468262,
    1.7926673114299774,
    1.7786028921604156,
    1.7875349998474122,
    1.7801640808582306,
    1.7684661209583283,
    1.7701068937778472,
    1.7797743439674378,
    1.7707022070884704,
    1.7550531327724457,
    1.756848305463791,
    1.74423388838768,
    1.7647312104701995,
    1.7490401685237884,
    1.7387971758842469,
    1.7248339772224426,
    1.7303088307380676,
    1.726226356625557,
    1.7180911242961883,
    1.7315506994724275,
    1.7169837474822998,
    1.714935725927353,
    1.725404155254364,
    1.7145917624235154,
    1.7245500147342683,
    1.6922777980566024,
    1.7058672070503236,
    1.704110896587372,
    1.6715011462569236,
    1.702705091238022,
    1.6939155042171479,
    1.6864802062511444,
    1.6869119584560395,
    1.682412427663803,
    1.6869314342737198,
    1.6709821760654449,
    1.6688082814216614,
    1.663679039478302,
    1.6547505855560303,
    1.6709518074989318,
    1.6695519149303437,
    1.6709723711013793,
    1.6684375762939454,
    1.6711560487747192,
    1.6619145035743714,
    1.6762734174728393,
    1.6742552876472474,
    1.6722118318080903,
    1.674306172132492,
    1.6582494497299194,
    1.667883849143982,
    1.6524203777313233,
    1.6605562448501587,
    1.6810018479824067,
    1.647876012325287,
    1.6587919384241103,
    1.6565573662519455
  ],
  "val": [
    1.9188870549201966,
    1.878631854057312,
    1.8583821535110474,
    1.8577475428581238,
    1.7965707659721375,
    1.8587765336036681,
    1.7907721281051636,
    1.820592737197876,
    1.8085894942283631,
    1.8094597220420838,
    1.785909926891327,
    1.7716505646705627,
    1.789219284057617,
    1.7873627305030824,
    1.7949495911598206,
    1.805368673801422,
    1.7971064686775207,
    1.7900822520256043,
    1.7873413681983947,
    1.7803022146224976,
    1.8010063767433167,
    1.7734535336494446,
    1.7774303317070008,
    1.7782029390335083,
    1.7635137557983398,
    1.7959235429763794,
    1.7592504262924193,
    1.7671074986457824,
    1.7723703145980836,
    1.7719616889953613,
    1.761836302280426,
    1.7644303798675538,
    1.7888591170310975,
    1.7755770802497863,
    1.786993181705475,
    1.7871721625328063,
    1.7758728742599488,
    1.7691446661949157,
    1.7571763396263123,
    1.7682623863220215,
    1.7733262300491333,
    1.7558372497558594,
    1.7761869788169862,
    1.7851099014282226,
    1.7635332822799683,
    1.762086808681488,
    1.7614823818206786,
    1.7588928461074829,
    1.800996732711792,
    1.789918339252472,
    1.7767319202423095,
    1.7763401985168457,
    1.7726131916046142,
    1.7709908366203309,
    1.7832211613655091,
    1.7831469297409057,
    1.7826706290245056,
    1.7673874020576477,
    1.7837915897369385,
    1.7732527732849122,
    1.7820300340652466,
    1.7770297527313232,
    1.7773948788642884,
    1.7967177510261536,
    1.7761528253555299,
    1.8203668236732482,
    1.7850618004798888,
    1.7818519115447997,
    1.7859090089797973,
    1.8040956258773804,
    1.7821161031723023,
    1.8004582166671752,
    1.7995341777801515,
    1.7996085047721864,
    1.8149258494377136,
    1.7944555401802063,
    1.800736129283905,
    1.7921363353729247,
    1.806274700164795,
    1.7986785411834716,
    1.8019031882286072,
    1.8091979503631592,
    1.8001523733139038,
    1.7985348224639892,
    1.7964391350746154,
    1.797263991832733,
    1.8039891481399537,
    1.8101226806640625,
    1.8035338521003723,
    1.8050842523574828,
    1.8034000277519227,
    1.8018133521080018,
    1.801590383052826,
    1.804882574081421,
    1.8008327722549438,
    1.804031491279602,
    1.8034631967544557,
    1.8072927355766297,
    1.800514554977417,
    1.7994622707366943
  ]
}