{
  "test": {
    "top1": 0.5119656920433044,
    "top5": 0.8099773526191711,
    "ce": 1.890709638595581,
    "genre_acc": 0.17910447716712952
  }
}