{
  "test_chord": {
    "top1_acc": 0.5550660792951542,
    "top5_acc": 0.8397428265269675,
    "top10_acc": 0.9099892844386236,
    "cross_entropy": 1.759346336222132
  },
  "test_genre_overall": 0.5074626865671642,
  "test_genre_per_class": {
    "blues": {
      "acc": 0.4,
      "n": 5
    },
    "country": {
      "acc": 0.0,
      "n": 3
    },
    "disco_dance": {
      "acc": 0.3333333333333333,
      "n": 3
    },
    "folk": {
      "acc": 0.0,
      "n": 2
    },
    "jazz": {
      "acc": 0.5,
      "n": 2
    },
    "pop": {
      "acc": 0.34615384615384615,
      "n": 26
    },
    "rock": {
      "acc": 0.6865671641791045,
      "n": 67
    },
    "soul_r&b": {
      "acc": 0.6363636363636364,
      "n": 11
    },
    "other": {
      "acc": 0.13333333333333333,
      "n": 15
    }
  }
}