{
  "top1_acc": 0.557209191570425,
  "top5_acc": 0.868436718656983,
  "top10_acc": 0.9395166091201334,
  "cross_entropy": 1.5971463822597463
}