{
  "overall": 0.23880596458911896,
  "per_class": {
    "blues": {
      "acc": 0.4000000059604645,
      "n": 5
    },
    "country": {
      "acc": 0.3333333432674408,
      "n": 3
    },
    "disco_dance": {
      "acc": 0.3333333432674408,
      "n": 3
    },
    "folk": {
      "acc": 0.0,
      "n": 2
    },
    "jazz": {
      "acc": 0.0,
      "n": 2
    },
    "pop": {
      "acc": 0.11538462340831757,
      "n": 26
    },
    "rock": {
      "acc": 0.31343284249305725,
      "n": 67
    },
    "soul_r&b": {
      "acc": 0.27272728085517883,
      "n": 11
    },
    "other": {
      "acc": 0.06666667014360428,
      "n": 15
    }
  }
}