{
  "test_chord": {
    "top1_acc": 0.5872127634242171,
    "top5_acc": 0.8774854149303488,
    "top10_acc": 0.9454696987736635,
    "cross_entropy": 1.5204421046915928
  },
  "test_genre_overall": 0.3582089552238806,
  "test_genre_per_class": {
    "blues": {
      "acc": 0.2,
      "n": 5
    },
    "country": {
      "acc": 0.0,
      "n": 3
    },
    "disco_dance": {
      "acc": 0.3333333333333333,
      "n": 3
    },
    "folk": {
      "acc": 0.0,
      "n": 2
    },
    "jazz": {
      "acc": 0.5,
      "n": 2
    },
    "pop": {
      "acc": 0.2692307692307692,
      "n": 26
    },
    "rock": {
      "acc": 0.44776119402985076,
      "n": 67
    },
    "soul_r&b": {
      "acc": 0.5454545454545454,
      "n": 11
    },
    "other": {
      "acc": 0.13333333333333333,
      "n": 15
    }
  }
}