{
  "test_chord": {
    "top1_acc": 0.5955470889391594,
    "top5_acc": 0.8867722347898559,
    "top10_acc": 0.9458268841528753,
    "cross_entropy": 1.5104029405995598
  },
  "test_genre": 0.3208955223880597,
  "per_class": {
    "blues": {
      "acc": 0.0,
      "n": 5
    },
    "country": {
      "acc": 0.3333333333333333,
      "n": 3
    },
    "disco_dance": {
      "acc": 0.3333333333333333,
      "n": 3
    },
    "folk": {
      "acc": 0.0,
      "n": 2
    },
    "jazz": {
      "acc": 1.0,
      "n": 2
    },
    "pop": {
      "acc": 0.2692307692307692,
      "n": 26
    },
    "rock": {
      "acc": 0.373134328358209,
      "n": 67
    },
    "soul_r&b": {
      "acc": 0.36363636363636365,
      "n": 11
    },
    "other": {
      "acc": 0.2,
      "n": 15
    }
  }
}