{
  "test": {
    "top1_acc": 0.6130491725205381,
    "top5_acc": 0.8949874985117275,
    "top10_acc": 0.9496368615311347,
    "cross_entropy": 1.3755064304704707
  },
  "baselines": {
    "markov": 0.235,
    "lstm": 0.452,
    "causal_gnn_v1": 0.46,
    "causal_gnn_v2": 0.608,
    "gat": 0.613
  }
}