{
  "test_chord": {
    "top1_acc": 0.5876890105964996,
    "top5_acc": 0.8754613644481486,
    "top10_acc": 0.9434456482914633,
    "cross_entropy": 1.547559961390958
  },
  "test_genre_overall": 0.34328358208955223,
  "test_genre_per_class": {
    "blues": {
      "acc": 0.2,
      "n": 5
    },
    "country": {
      "acc": 0.0,
      "n": 3
    },
    "disco_dance": {
      "acc": 0.3333333333333333,
      "n": 3
    },
    "folk": {
      "acc": 0.0,
      "n": 2
    },
    "jazz": {
      "acc": 0.5,
      "n": 2
    },
    "pop": {
      "acc": 0.2692307692307692,
      "n": 26
    },
    "rock": {
      "acc": 0.40298507462686567,
      "n": 67
    },
    "soul_r&b": {
      "acc": 0.5454545454545454,
      "n": 11
    },
    "other": {
      "acc": 0.2,
      "n": 15
    }
  }
}