{
  "top1_acc": 0.5219669008215264,
  "top5_acc": 0.8458149779735683,
  "top10_acc": 0.9074889867841409,
  "cross_entropy": 1.8421830046615482
}